{"IcoMoonType":"selection","icons":[{"icon":{"paths":["M658.286 475.429c0-141.143-114.857-256-256-256s-256 114.857-256 256 114.857 256 256 256 256-114.857 256-256zM950.857 950.857c0 40-33.143 73.143-73.143 73.143-19.429 0-38.286-8-51.429-21.714l-196-195.429c-66.857 46.286-146.857 70.857-228 70.857-222.286 0-402.286-180-402.286-402.286s180-402.286 402.286-402.286 402.286 180 402.286 402.286c0 81.143-24.571 161.143-70.857 228l196 196c13.143 13.143 21.143 32 21.143 51.429z"],"width":950.8571428571428,"attrs":[],"isMulticolor":false,"isMulticolor2":false,"tags":["search"],"defaultCode":61442,"grid":14},"attrs":[],"properties":{"name":"search","id":6,"order":104,"prevSize":28,"code":61442},"setIdx":0,"setId":7,"iconIdx":6},{"icon":{"paths":["M512 950.857c-9.143 0-18.286-3.429-25.143-10.286l-356.571-344c-4.571-4-130.286-118.857-130.286-256 0-167.429 102.286-267.429 273.143-267.429 100 0 193.714 78.857 238.857 123.429 45.143-44.571 138.857-123.429 238.857-123.429 170.857 0 273.143 100 273.143 267.429 0 137.143-125.714 252-130.857 257.143l-356 342.857c-6.857 6.857-16 10.286-25.143 10.286z"],"width":1024,"attrs":[],"isMulticolor":false,"isMulticolor2":false,"tags":["heart"],"defaultCode":61444,"grid":14},"attrs":[],"properties":{"name":"heart","id":8,"order":102,"prevSize":28,"code":61444},"setIdx":0,"setId":7,"iconIdx":8},{"icon":{"paths":["M731.429 799.429c0 83.429-54.857 151.429-121.714 151.429h-488c-66.857 0-121.714-68-121.714-151.429 0-150.286 37.143-324 186.857-324 46.286 45.143 109.143 73.143 178.857 73.143s132.571-28 178.857-73.143c149.714 0 186.857 173.714 186.857 324zM585.143 292.571c0 121.143-98.286 219.429-219.429 219.429s-219.429-98.286-219.429-219.429 98.286-219.429 219.429-219.429 219.429 98.286 219.429 219.429z"],"width":731.4285714285713,"attrs":[],"isMulticolor":false,"isMulticolor2":false,"tags":["user"],"defaultCode":61447,"grid":14},"attrs":[],"properties":{"name":"user","id":11,"order":113,"prevSize":28,"code":61447},"setIdx":0,"setId":7,"iconIdx":11},{"icon":{"paths":["M669.143 172l-303.429 303.429 303.429 303.429c14.286 14.286 14.286 37.143 0 51.429l-94.857 94.857c-14.286 14.286-37.143 14.286-51.429 0l-424-424c-14.286-14.286-14.286-37.143 0-51.429l424-424c14.286-14.286 37.143-14.286 51.429 0l94.857 94.857c14.286 14.286 14.286 37.143 0 51.429z"],"width":768,"attrs":[],"isMulticolor":false,"isMulticolor2":false,"tags":["chevron-left"],"defaultCode":61523,"grid":14},"attrs":[],"properties":{"name":"chevron-left","id":82,"order":99,"prevSize":28,"code":61523},"setIdx":0,"setId":7,"iconIdx":82},{"icon":{"paths":["M632.571 501.143l-424 424c-14.286 14.286-37.143 14.286-51.429 0l-94.857-94.857c-14.286-14.286-14.286-37.143 0-51.429l303.429-303.429-303.429-303.429c-14.286-14.286-14.286-37.143 0-51.429l94.857-94.857c14.286-14.286 37.143-14.286 51.429 0l424 424c14.286 14.286 14.286 37.143 0 51.429z"],"width":694.8571428571428,"attrs":[],"isMulticolor":false,"isMulticolor2":false,"tags":["chevron-right"],"defaultCode":61524,"grid":14},"attrs":[],"properties":{"name":"chevron-right","id":83,"order":100,"prevSize":28,"code":61524},"setIdx":0,"setId":7,"iconIdx":83},{"icon":{"paths":["M950.857 548.571c-54.286-84-128.571-156-217.714-201.714 22.857 38.857 34.857 83.429 34.857 128.571 0 141.143-114.857 256-256 256s-256-114.857-256-256c0-45.143 12-89.714 34.857-128.571-89.143 45.714-163.429 117.714-217.714 201.714 97.714 150.857 255.429 256 438.857 256s341.143-105.143 438.857-256zM539.429 329.143c0-14.857-12.571-27.429-27.429-27.429-95.429 0-173.714 78.286-173.714 173.714 0 14.857 12.571 27.429 27.429 27.429s27.429-12.571 27.429-27.429c0-65.143 53.714-118.857 118.857-118.857 14.857 0 27.429-12.571 27.429-27.429zM1024 548.571c0 14.286-4.571 27.429-11.429 39.429-105.143 173.143-297.714 289.714-500.571 289.714s-395.429-117.143-500.571-289.714c-6.857-12-11.429-25.143-11.429-39.429s4.571-27.429 11.429-39.429c105.143-172.571 297.714-289.714 500.571-289.714s395.429 117.143 500.571 289.714c6.857 12 11.429 25.143 11.429 39.429z"],"width":1024,"attrs":[],"isMulticolor":false,"isMulticolor2":false,"tags":["eye"],"defaultCode":61550,"grid":14},"attrs":[],"properties":{"name":"eye","id":105,"order":107,"prevSize":28,"code":61550},"setIdx":0,"setId":7,"iconIdx":105},{"icon":{"paths":["M73.143 950.857h164.571v-164.571h-164.571v164.571zM274.286 950.857h182.857v-164.571h-182.857v164.571zM73.143 749.714h164.571v-182.857h-164.571v182.857zM274.286 749.714h182.857v-182.857h-182.857v182.857zM73.143 530.286h164.571v-164.571h-164.571v164.571zM493.714 950.857h182.857v-164.571h-182.857v164.571zM274.286 530.286h182.857v-164.571h-182.857v164.571zM713.143 950.857h164.571v-164.571h-164.571v164.571zM493.714 749.714h182.857v-182.857h-182.857v182.857zM292.571 256v-164.571c0-9.714-8.571-18.286-18.286-18.286h-36.571c-9.714 0-18.286 8.571-18.286 18.286v164.571c0 9.714 8.571 18.286 18.286 18.286h36.571c9.714 0 18.286-8.571 18.286-18.286zM713.143 749.714h164.571v-182.857h-164.571v182.857zM493.714 530.286h182.857v-164.571h-182.857v164.571zM713.143 530.286h164.571v-164.571h-164.571v164.571zM731.429 256v-164.571c0-9.714-8.571-18.286-18.286-18.286h-36.571c-9.714 0-18.286 8.571-18.286 18.286v164.571c0 9.714 8.571 18.286 18.286 18.286h36.571c9.714 0 18.286-8.571 18.286-18.286zM950.857 219.429v731.429c0 40-33.143 73.143-73.143 73.143h-804.571c-40 0-73.143-33.143-73.143-73.143v-731.429c0-40 33.143-73.143 73.143-73.143h73.143v-54.857c0-50.286 41.143-91.429 91.429-91.429h36.571c50.286 0 91.429 41.143 91.429 91.429v54.857h219.429v-54.857c0-50.286 41.143-91.429 91.429-91.429h36.571c50.286 0 91.429 41.143 91.429 91.429v54.857h73.143c40 0 73.143 33.143 73.143 73.143z"],"width":950.8571428571428,"attrs":[],"isMulticolor":false,"isMulticolor2":false,"tags":["calendar"],"defaultCode":61555,"grid":14},"attrs":[],"properties":{"name":"calendar","id":109,"order":112,"prevSize":28,"code":61555},"setIdx":0,"setId":7,"iconIdx":109},{"icon":{"paths":["M146.286 768c0-20-16.571-36.571-36.571-36.571s-36.571 16.571-36.571 36.571 16.571 36.571 36.571 36.571 36.571-16.571 36.571-36.571zM950.857 438.857c0-38.857-34.857-73.143-73.143-73.143h-329.143c0-36 54.857-73.143 54.857-146.286 0-54.857-42.857-73.143-91.429-73.143-16 0-45.143 66.286-51.429 79.429-6.857 12.571-13.714 25.143-21.143 37.143-18.857 30.286-40.571 56.571-64 82.857-36.571 41.714-77.143 93.143-137.714 93.143h-18.286v365.714h18.286c100 0 197.714 73.143 308.571 73.143 64 0 108-26.857 108-95.429 0-10.857-1.143-21.714-2.857-32 24-13.143 37.143-45.714 37.143-72 0-13.714-3.429-27.429-10.286-39.429 19.429-18.286 30.286-41.143 30.286-68 0-18.286-8-45.143-20-58.857h189.143c39.429 0 73.143-33.714 73.143-73.143zM1024 438.286c0 80-66.286 146.857-146.286 146.857h-96.571c-1.714 24-9.143 46.857-21.143 68 1.143 8 1.714 16.571 1.714 24.571 0 36.571-12 73.143-34.286 101.714 1.143 108-72.571 171.429-178.286 171.429-64 0-124.571-17.714-184-39.429-34.857-12.571-91.429-33.714-127.429-33.714h-164.571c-40.571 0-73.143-32.571-73.143-73.143v-365.714c0-40.571 32.571-73.143 73.143-73.143h164.571c27.429 0 66.286-49.143 82.857-68 20.571-23.429 40-46.857 57.143-73.714 33.143-53.143 57.714-150.857 134.286-150.857 90.857 0 164.571 49.714 164.571 146.286 0 25.143-4 49.714-12.571 73.143h213.714c78.857 0 146.286 66.857 146.286 145.714z"],"width":1024,"attrs":[],"isMulticolor":false,"isMulticolor2":false,"tags":["hand-o-right"],"defaultCode":61604,"grid":14},"attrs":[],"properties":{"name":"hand-o-right","id":155,"order":106,"prevSize":28,"code":61604},"setIdx":0,"setId":7,